id,name,email,password
4,Enrico Oberbrunner,esperanzagulgowski@christiansen.name,$2a$14$STfKQo//L1tZAcyCuKuLtO9cUkRDPNW7KUaZ603HsTDHj7zHvTruG
7,Elsie Champlin,lucienneheller@heidenreich.name,$2a$14$STfKQo//L1tZAcyCuKuLtO9cUkRDPNW7KUaZ603HsTDHj7zHvTruG
8,Rosetta Denesik,floridawillms@muller.name,$2a$14$STfKQo//L1tZAcyCuKuLtO9cUkRDPNW7KUaZ603HsTDHj7zHvTruG
10,Polly Kling,samsonbosco@denesik.name,$2a$14$STfKQo//L1tZAcyCuKuLtO9cUkRDPNW7KUaZ603HsTDHj7zHvTruG
13,Turner Schmitt,enolaabshire@nienow.info,$2a$14$STfKQo//L1tZAcyCuKuLtO9cUkRDPNW7KUaZ603HsTDHj7zHvTruG
17,Shayne Rodriguez,joelsmitham@ullrich.org,$2a$14$STfKQo//L1tZAcyCuKuLtO9cUkRDPNW7KUaZ603HsTDHj7zHvTruG
20,Annalise Halvorson,aaronlarson@nader.io,$2a$14$STfKQo//L1tZAcyCuKuLtO9cUkRDPNW7KUaZ603HsTDHj7zHvTruG
24,Jeramy Kassulke,arleneluettgen@parisian.net,$2a$14$STfKQo//L1tZAcyCuKuLtO9cUkRDPNW7KUaZ603HsTDHj7zHvTruG
28,Arno Kuhlman,rosendobreitenberg@von.org,$2a$14$STfKQo//L1tZAcyCuKuLtO9cUkRDPNW7KUaZ603HsTDHj7zHvTruG
29,Alan Schamberger,blanchetillman@buckridge.io,$2a$14$STfKQo//L1tZAcyCuKuLtO9cUkRDPNW7KUaZ603HsTDHj7zHvTruG
30,Stanton Schinner,ariannakilback@heathcote.io,$2a$14$STfKQo//L1tZAcyCuKuLtO9cUkRDPNW7KUaZ603HsTDHj7zHvTruG
32,Seth Gibson,garrykuhlman@nolan.biz,$2a$14$STfKQo//L1tZAcyCuKuLtO9cUkRDPNW7KUaZ603HsTDHj7zHvTruG
35,Bettye Kihn,ardithosinski@block.net,$2a$14$STfKQo//L1tZAcyCuKuLtO9cUkRDPNW7KUaZ603HsTDHj7zHvTruG
37,Rosamond Towne,hertagraham@mills.com,$2a$14$STfKQo//L1tZAcyCuKuLtO9cUkRDPNW7KUaZ603HsTDHj7zHvTruG
38,Juana Kuhn,mathewwilliamson@barton.name,$2a$14$STfKQo//L1tZAcyCuKuLtO9cUkRDPNW7KUaZ603HsTDHj7zHvTruG
42,Dahlia Dickens,waltontoy@ziemann.org,$2a$14$STfKQo//L1tZAcyCuKuLtO9cUkRDPNW7KUaZ603HsTDHj7zHvTruG
43,Johann Schiller,heidibarton@jast.biz,$2a$14$STfKQo//L1tZAcyCuKuLtO9cUkRDPNW7KUaZ603HsTDHj7zHvTruG
46,Cornelius Nitzsche,brookegleason@little.org,$2a$14$STfKQo//L1tZAcyCuKuLtO9cUkRDPNW7KUaZ603HsTDHj7zHvTruG
48,Jessy Cummings,laurieschmidt@jenkins.org,$2a$14$STfKQo//L1tZAcyCuKuLtO9cUkRDPNW7KUaZ603HsTDHj7zHvTruG
51,Kailyn Kessler,jovanschmeler@huels.info,$2a$14$STfKQo//L1tZAcyCuKuLtO9cUkRDPNW7KUaZ603HsTDHj7zHvTruG
54,Enos Breitenberg,bridgettebuckridge@powlowski.com,$2a$14$STfKQo//L1tZAcyCuKuLtO9cUkRDPNW7KUaZ603HsTDHj7zHvTruG
57,Laura Beahan,harveyparker@effertz.net,$2a$14$STfKQo//L1tZAcyCuKuLtO9cUkRDPNW7KUaZ603HsTDHj7zHvTruG
61,Kip Weber,jevonveum@cormier.biz,$2a$14$STfKQo//L1tZAcyCuKuLtO9cUkRDPNW7KUaZ603HsTDHj7zHvTruG
65,Ward Ullrich,alfonsoschinner@beier.com,$2a$14$STfKQo//L1tZAcyCuKuLtO9cUkRDPNW7KUaZ603HsTDHj7zHvTruG
68,Coleman Schowalter,gertrudemraz@heaney.net,$2a$14$STfKQo//L1tZAcyCuKuLtO9cUkRDPNW7KUaZ603HsTDHj7zHvTruG
70,Alexane Kunze,robertdare@greenholt.name,$2a$14$STfKQo//L1tZAcyCuKuLtO9cUkRDPNW7KUaZ603HsTDHj7zHvTruG
74,Myrl Hyatt,alfonzoebert@grant.info,$2a$14$STfKQo//L1tZAcyCuKuLtO9cUkRDPNW7KUaZ603HsTDHj7zHvTruG
76,Gustave Stracke,zoravandervort@kilback.io,$2a$14$STfKQo//L1tZAcyCuKuLtO9cUkRDPNW7KUaZ603HsTDHj7zHvTruG
78,Providenci Witting,justicechristiansen@ondricka.com,$2a$14$STfKQo//L1tZAcyCuKuLtO9cUkRDPNW7KUaZ603HsTDHj7zHvTruG
82,Jakayla Koelpin,yoshikosporer@rippin.org,$2a$14$STfKQo//L1tZAcyCuKuLtO9cUkRDPNW7KUaZ603HsTDHj7zHvTruG
